ClassB-HLC,20,154,554,692,WhatsApp Image 2021-11-18 at 11.19.00 PM.jpeg,588,1280
ClassB-HLC,79,176,473,590,WhatsApp Image 2021-11-18 at 11.19.02 PM.jpeg,588,1280
ClassB-HLC,45,271,441,547,WhatsApp Image 2021-11-18 at 11.19.03 PM.jpeg,588,1280
ClassB-HLC,41,357,498,559,WhatsApp Image 2021-11-18 at 11.19.04 PM (1).jpeg,588,1280
ClassB-HLC,38,237,488,579,WhatsApp Image 2021-11-18 at 11.19.04 PM.jpeg,588,1280
ClassB-HLC,32,192,479,608,WhatsApp Image 2021-11-18 at 11.19.05 PM.jpeg,588,1280
ClassB-HLC,5,235,516,638,WhatsApp Image 2021-11-18 at 11.19.06 PM (1).jpeg,588,1280
ClassB-HLC,29,249,473,629,WhatsApp Image 2021-11-18 at 11.19.06 PM.jpeg,588,1280
ClassB-HLC,47,289,459,563,WhatsApp Image 2021-11-18 at 11.19.07 PM (1).jpeg,588,1280
ClassB-HLC,14,233,525,624,WhatsApp Image 2021-11-18 at 11.19.07 PM (2).jpeg,588,1280
ClassB-HLC,11,280,475,593,WhatsApp Image 2021-11-18 at 11.19.07 PM.jpeg,588,1280
ClassB-HLC,20,278,525,590,WhatsApp Image 2021-11-18 at 11.19.08 PM (1).jpeg,588,1280
ClassB-HLC,75,409,427,457,WhatsApp Image 2021-11-18 at 11.19.08 PM (2).jpeg,588,1280
ClassB-HLC,32,231,522,633,WhatsApp Image 2021-11-18 at 11.19.08 PM.jpeg,588,1280
ClassB-HLC,41,210,534,647,WhatsApp Image 2021-11-18 at 11.19.09 PM (1).jpeg,588,1280
ClassB-HLC,59,310,459,507,WhatsApp Image 2021-11-18 at 11.19.09 PM.jpeg,588,1280
ClassB-HLC,72,265,457,554,WhatsApp Image 2021-11-18 at 11.19.10 PM (1).jpeg,588,1280
ClassB-HLC,59,194,500,611,WhatsApp Image 2021-11-18 at 11.19.10 PM (2).jpeg,588,1280
ClassB-HLC,61,267,461,493,WhatsApp Image 2021-11-18 at 11.19.10 PM.jpeg,588,1280
ClassB-HLC,50,235,486,620,WhatsApp Image 2021-11-18 at 11.19.11 PM (1).jpeg,588,1280
ClassB-HLC,27,242,520,620,WhatsApp Image 2021-11-18 at 11.19.11 PM (2).jpeg,588,1280
ClassB-HLC,52,326,522,556,WhatsApp Image 2021-11-18 at 11.19.11 PM.jpeg,588,1280
ClassB-HLC,9,296,525,620,WhatsApp Image 2021-11-18 at 11.19.12 PM (1).jpeg,588,1280
ClassB-HLC,25,204,525,642,WhatsApp Image 2021-11-18 at 11.19.12 PM.jpeg,588,1280
ClassB-HLC,68,305,412,520,WhatsApp Image 2021-11-18 at 11.19.13 PM (1).jpeg,588,1280
ClassB-HLC,131,314,371,436,WhatsApp Image 2021-11-18 at 11.19.13 PM (2).jpeg,588,1280
ClassB-HLC,36,167,529,685,WhatsApp Image 2021-11-18 at 11.19.13 PM.jpeg,588,1280
ClassB-HLC,43,226,477,611,WhatsApp Image 2021-11-18 at 11.19.14 PM (1).jpeg,588,1280
ClassB-HLC,41,231,516,622,WhatsApp Image 2021-11-18 at 11.19.14 PM (2).jpeg,588,1280
ClassB-HLC,59,317,452,556,WhatsApp Image 2021-11-18 at 11.19.14 PM.jpeg,588,1280
ClassB-HLC,23,185,507,638,WhatsApp Image 2021-11-18 at 11.19.50 PM.jpeg,588,1280
ClassB-HLC,18,287,495,579,WhatsApp Image 2021-11-18 at 11.19.52 PM.jpeg,588,1280
ClassB-HLC,9,247,547,638,WhatsApp Image 2021-11-18 at 11.19.53 PM.jpeg,588,1280
ClassB-HLC,20,179,531,658,WhatsApp Image 2021-11-18 at 11.19.56 PM.jpeg,588,1280
ClassB-HLC,14,206,495,586,WhatsApp Image 2021-11-18 at 11.19.57 PM.jpeg,588,1280
ClassB-HLC,50,276,509,588,WhatsApp Image 2021-11-18 at 11.19.58 PM.jpeg,588,1280
ClassB-HLC,29,185,479,604,WhatsApp Image 2021-11-18 at 11.20.00 PM (1).jpeg,588,1280
ClassB-HLC,66,235,484,599,WhatsApp Image 2021-11-18 at 11.20.00 PM.jpeg,588,1280
ClassB-HLC,47,278,500,577,WhatsApp Image 2021-11-18 at 11.20.01 PM (1).jpeg,588,1280
ClassB-HLC,41,314,495,525,WhatsApp Image 2021-11-18 at 11.20.01 PM.jpeg,588,1280
ClassB-HLC,23,240,550,572,WhatsApp Image 2021-11-18 at 11.20.02 PM (1).jpeg,588,1280
ClassB-HLC,2,253,536,706,WhatsApp Image 2021-11-18 at 11.20.02 PM (2).jpeg,588,1280
ClassB-HLC,43,231,518,645,WhatsApp Image 2021-11-18 at 11.20.02 PM.jpeg,588,1280
ClassB-HLC,5,167,550,717,WhatsApp Image 2021-11-18 at 11.20.03 PM (1).jpeg,588,1280
ClassB-HLC,14,152,543,694,WhatsApp Image 2021-11-18 at 11.20.03 PM.jpeg,588,1280
ClassB-HLC,34,197,531,635,WhatsApp Image 2021-11-18 at 11.20.04 PM (1).jpeg,588,1280
ClassB-HLC,32,206,511,658,WhatsApp Image 2021-11-18 at 11.20.04 PM (2).jpeg,588,1280
ClassB-HLC,54,314,425,531,WhatsApp Image 2021-11-18 at 11.20.04 PM.jpeg,588,1280
ClassB-HLC,29,118,545,645,WhatsApp Image 2021-11-18 at 11.20.05 PM (1).jpeg,588,1280
ClassB-HLC,95,242,348,470,WhatsApp Image 2021-11-18 at 11.20.05 PM (2).jpeg,588,1280
ClassB-HLC,11,122,570,672,WhatsApp Image 2021-11-18 at 11.20.05 PM.jpeg,588,1280
ClassB-HLC,2,192,475,599,WhatsApp Image 2021-11-18 at 11.20.06 PM (1).jpeg,588,1280
ClassB-HLC,57,161,527,654,WhatsApp Image 2021-11-18 at 11.20.06 PM (2).jpeg,588,1280
ClassB-HLC,5,149,534,721,WhatsApp Image 2021-11-18 at 11.20.06 PM.jpeg,588,1280
ClassB-HLC,41,240,452,570,WhatsApp Image 2021-11-18 at 11.20.07 PM (1).jpeg,588,1280
ClassB-HLC,2,158,563,708,WhatsApp Image 2021-11-18 at 11.20.07 PM (2).jpeg,588,1280
ClassB-HLC,14,249,545,631,WhatsApp Image 2021-11-18 at 11.20.07 PM.jpeg,588,1280
ClassB-HLC,32,179,507,645,WhatsApp Image 2021-11-18 at 11.20.08 PM (1).jpeg,588,1280
ClassB-HLC,5,145,561,773,WhatsApp Image 2021-11-18 at 11.20.08 PM (2).jpeg,588,1280
ClassB-HLC,50,231,488,611,WhatsApp Image 2021-11-18 at 11.20.08 PM.jpeg,588,1280
ClassB-HLC,25,226,518,683,WhatsApp Image 2021-11-18 at 11.20.28 PM.jpeg,588,1280
ClassB-HLC,68,206,446,586,WhatsApp Image 2021-11-18 at 11.20.29 PM.jpeg,588,1280
ClassB-HLC,38,276,484,622,WhatsApp Image 2021-11-18 at 11.20.30 PM.jpeg,588,1280
ClassB-HLC,63,344,421,529,WhatsApp Image 2021-11-18 at 11.20.31 PM (1).jpeg,588,1280
ClassB-HLC,9,321,486,577,WhatsApp Image 2021-11-18 at 11.20.31 PM (2).jpeg,588,1280
ClassB-HLC,41,301,455,572,WhatsApp Image 2021-11-18 at 11.20.31 PM (3).jpeg,588,1280
ClassB-HLC,326,111,418,398,WhatsApp Image 2021-11-18 at 11.20.31 PM.jpeg,1280,588
ClassB-HLC,11,188,540,694,WhatsApp Image 2021-11-18 at 11.20.32 PM (1).jpeg,588,1280
ClassB-HLC,32,339,488,493,WhatsApp Image 2021-11-18 at 11.20.32 PM (2).jpeg,588,1280
ClassB-HLC,11,194,534,692,WhatsApp Image 2021-11-18 at 11.20.32 PM.jpeg,588,1280
ClassB-HLC,45,201,479,581,WhatsApp Image 2021-11-18 at 11.20.33 PM (1).jpeg,588,1280
ClassB-HLC,50,237,509,665,WhatsApp Image 2021-11-18 at 11.20.33 PM (2).jpeg,588,1280
ClassB-HLC,70,222,473,654,WhatsApp Image 2021-11-18 at 11.20.33 PM.jpeg,588,1280
ClassB-HLC,5,129,513,692,WhatsApp Image 2021-11-18 at 11.20.34 PM (1).jpeg,588,1280
ClassB-HLC,14,274,543,678,WhatsApp Image 2021-11-18 at 11.20.34 PM (2).jpeg,588,1280
ClassB-HLC,18,172,509,735,WhatsApp Image 2021-11-18 at 11.20.34 PM.jpeg,588,1280
ClassB-WE,68,345,506,667,WhatsApp Image 2021-11-23 at 6.15.31 PM.jpeg,736,1600
ClassB-WE,474,68,725,570,WhatsApp Image 2021-11-23 at 6.15.33 PM.jpeg,1600,736
ClassB-WE,57,407,571,715,WhatsApp Image 2021-11-23 at 6.15.34 PM (1).jpeg,736,1600
ClassB-WE,88,317,529,670,WhatsApp Image 2021-11-23 at 6.15.34 PM.jpeg,736,1600
ClassB-WE,500,68,770,566,WhatsApp Image 2021-11-23 at 6.15.38 PM.jpeg,1600,736
ClassB-WE,46,328,608,758,WhatsApp Image 2021-11-23 at 6.15.39 PM.jpeg,736,1600
ClassB-WE,66,311,605,749,WhatsApp Image 2021-11-23 at 6.15.40 PM.jpeg,736,1600
ClassB-WE,51,334,588,724,WhatsApp Image 2021-11-23 at 6.15.41 PM.jpeg,736,1600
ClassB-WE,66,240,580,698,WhatsApp Image 2021-11-23 at 6.15.42 PM (1).jpeg,736,1600
ClassB-WE,547,70,740,562,WhatsApp Image 2021-11-23 at 6.15.42 PM.jpeg,1600,736
ClassB-WE,102,328,548,712,WhatsApp Image 2021-11-23 at 6.15.43 PM (1).jpeg,736,1600
ClassB-WE,43,260,608,794,WhatsApp Image 2021-11-23 at 6.15.43 PM.jpeg,736,1600
ClassB-WE,534,62,713,558,WhatsApp Image 2021-11-23 at 6.15.44 PM (1).jpeg,1600,736
ClassB-WE,611,121,626,504,WhatsApp Image 2021-11-23 at 6.15.44 PM (2).jpeg,1600,736
ClassB-WE,632,126,462,453,WhatsApp Image 2021-11-23 at 6.15.44 PM.jpeg,1600,736
ClassB-WE,566,77,643,532,WhatsApp Image 2021-11-23 at 6.15.45 PM (1).jpeg,1600,736
ClassB-WE,80,300,588,758,WhatsApp Image 2021-11-23 at 6.15.45 PM (2).jpeg,736,1600
ClassB-WE,528,74,713,572,WhatsApp Image 2021-11-23 at 6.15.45 PM.jpeg,1600,736
ClassB-WE,54,297,594,766,WhatsApp Image 2021-11-23 at 6.15.46 PM (1).jpeg,736,1600
ClassB-WE,82,297,577,727,WhatsApp Image 2021-11-23 at 6.15.46 PM (2).jpeg,736,1600
ClassB-WE,125,390,526,667,WhatsApp Image 2021-11-23 at 6.15.46 PM.jpeg,736,1600
ClassB-WE,105,387,546,695,WhatsApp Image 2021-11-23 at 6.15.47 PM (1).jpeg,736,1600
ClassB-WE,85,257,560,766,WhatsApp Image 2021-11-23 at 6.15.47 PM (2).jpeg,736,1600
ClassB-WE,66,359,594,783,WhatsApp Image 2021-11-23 at 6.15.47 PM.jpeg,736,1600
ClassB-WE,63,390,591,693,WhatsApp Image 2021-11-23 at 6.15.48 PM (1).jpeg,736,1600
ClassB-WE,108,348,512,664,WhatsApp Image 2021-11-23 at 6.15.48 PM.jpeg,736,1600
ClassB-WE,108,356,506,647,WhatsApp Image 2021-11-23 at 6.15.49 PM (1).jpeg,736,1600
ClassB-WE,102,345,512,681,WhatsApp Image 2021-11-23 at 6.15.49 PM (2).jpeg,736,1600
ClassB-WE,74,302,582,715,WhatsApp Image 2021-11-23 at 6.15.49 PM.jpeg,736,1600
ClassB-WE,148,322,413,565,WhatsApp Image 2021-11-23 at 6.15.50 PM.jpeg,736,1600
ClassB-YOS,77,226,432,561,WhatsApp Image 2021-11-23 at 6.27.33 PM (1).jpeg,588,1280
ClassB-YOS,72,267,441,577,WhatsApp Image 2021-11-23 at 6.27.33 PM.jpeg,588,1280
ClassB-YOS,140,235,265,267,WhatsApp Image 2021-11-23 at 6.27.33 PM.jpeg,588,1280
ClassB-YOS,52,185,470,593,WhatsApp Image 2021-11-23 at 6.27.34 PM.jpeg,588,1280
ClassB-YOS,208,163,305,464,WhatsApp Image 2021-11-23 at 6.27.34 PM.jpeg,588,1280
ClassB-YOS,454,72,552,438,WhatsApp Image 2021-11-23 at 6.27.35 PM.jpeg,1280,588
ClassB-YOS,477,95,525,397,WhatsApp Image 2021-11-23 at 6.27.36 PM.jpeg,1280,588
ClassB-YOS,516,93,459,347,WhatsApp Image 2021-11-23 at 6.27.37 PM (1).jpeg,1280,588
ClassB-YOS,548,200,423,137,WhatsApp Image 2021-11-23 at 6.27.37 PM (1).jpeg,1280,588
ClassB-YOS,93,262,339,423,WhatsApp Image 2021-11-23 at 6.27.37 PM (2).jpeg,588,1280
ClassB-YOS,152,276,233,387,WhatsApp Image 2021-11-23 at 6.27.37 PM (2).jpeg,588,1280
ClassB-YOS,104,267,353,436,WhatsApp Image 2021-11-23 at 6.27.37 PM.jpeg,588,1280
ClassB-YOS,172,271,258,409,WhatsApp Image 2021-11-23 at 6.27.37 PM.jpeg,588,1280
ClassB-YOS,118,314,355,450,WhatsApp Image 2021-11-23 at 6.27.38 PM (1).jpeg,588,1280
ClassB-YOS,183,341,194,403,WhatsApp Image 2021-11-23 at 6.27.38 PM (1).jpeg,588,1280
ClassB-YOS,72,285,416,556,WhatsApp Image 2021-11-23 at 6.27.38 PM.jpeg,588,1280
ClassB-YOS,179,305,219,396,WhatsApp Image 2021-11-23 at 6.27.38 PM.jpeg,588,1280
ClassB-YOS,52,299,432,520,WhatsApp Image 2021-11-23 at 6.27.39 PM (1).jpeg,588,1280
ClassB-YOS,68,312,380,398,WhatsApp Image 2021-11-23 at 6.27.39 PM (1).jpeg,588,1280
ClassB-YOS,75,253,461,586,WhatsApp Image 2021-11-23 at 6.27.39 PM.jpeg,588,1280
ClassB-YOS,174,256,260,545,WhatsApp Image 2021-11-23 at 6.27.39 PM.jpeg,588,1280
ClassB-YOS,66,344,409,500,WhatsApp Image 2021-11-23 at 6.27.40 PM.jpeg,588,1280
ClassB-RS,512,136,365,302,WhatsApp Image 2021-11-23 at 6.36.08 PM (1).jpeg,1280,588
ClassB-RS,518,129,359,305,WhatsApp Image 2021-11-23 at 6.36.08 PM (2).jpeg,1280,588
ClassB-RS,560,253,237,148,WhatsApp Image 2021-11-23 at 6.36.08 PM (2).jpeg,1280,588
ClassB-RS,122,421,308,335,WhatsApp Image 2021-11-23 at 6.36.08 PM.jpeg,588,1280
ClassB-RS,296,574,104,109,WhatsApp Image 2021-11-23 at 6.36.08 PM.jpeg,588,1280
ClassB-RS,172,335,249,339,WhatsApp Image 2021-11-23 at 6.36.09 PM (1).jpeg,588,1280
ClassB-RS,224,522,158,138,WhatsApp Image 2021-11-23 at 6.36.09 PM (1).jpeg,588,1280
ClassB-RS,109,276,371,488,WhatsApp Image 2021-11-23 at 6.36.09 PM (2).jpeg,588,1280
ClassB-RS,138,488,328,267,WhatsApp Image 2021-11-23 at 6.36.09 PM (2).jpeg,588,1280
ClassB-RS,534,102,441,350,WhatsApp Image 2021-11-23 at 6.36.09 PM.jpeg,1280,588
ClassB-RS,549,131,282,296,WhatsApp Image 2021-11-23 at 6.36.09 PM.jpeg,1280,588
ClassB-RS,131,434,312,348,WhatsApp Image 2021-11-23 at 6.36.10 PM (1).jpeg,588,1280
ClassB-RS,113,421,287,330,WhatsApp Image 2021-11-23 at 6.36.10 PM (2).jpeg,588,1280
ClassB-RS,386,154,352,300,WhatsApp Image 2021-11-23 at 6.36.10 PM.jpeg,1280,588
ClassB-RS,589,200,139,202,WhatsApp Image 2021-11-23 at 6.36.10 PM.jpeg,1280,588
ClassB-RS,111,376,366,391,WhatsApp Image 2021-11-23 at 6.36.11 PM (1).jpeg,588,1280
ClassB-RS,187,564,269,178,WhatsApp Image 2021-11-23 at 6.36.11 PM (1).jpeg,588,1280
ClassB-RS,95,308,392,425,WhatsApp Image 2021-11-23 at 6.36.11 PM (2).jpeg,588,1280
ClassB-RS,121,564,351,162,WhatsApp Image 2021-11-23 at 6.36.11 PM (2).jpeg,588,1280
ClassB-RS,111,371,360,405,WhatsApp Image 2021-11-23 at 6.36.11 PM.jpeg,588,1280
ClassB-RS,530,96,364,335,WhatsApp Image 2021-11-23 at 6.36.12 PM (1).jpeg,1280,588
ClassB-RS,548,139,248,263,WhatsApp Image 2021-11-23 at 6.36.12 PM (1).jpeg,1280,588
ClassB-RS,299,104,495,424,WhatsApp Image 2021-11-23 at 6.36.12 PM (2).jpeg,1280,588
ClassB-RS,93,366,328,371,WhatsApp Image 2021-11-23 at 6.36.12 PM.jpeg,588,1280
ClassB-RS,133,617,267,124,WhatsApp Image 2021-11-23 at 6.36.12 PM.jpeg,588,1280
ClassB-DTSWAHAC,2,237,534,384,WhatsApp Image 2021-11-23 at 6.46.19 PM.jpeg,588,1280
ClassB-DTSWAHAC,13,203,541,386,WhatsApp Image 2021-11-23 at 6.46.20 PM.jpeg,588,1280
ClassB-DTSWAHAC,43,312,484,362,WhatsApp Image 2021-11-23 at 6.46.21 PM (1).jpeg,588,1280
ClassB-DTSWAHAC,23,287,511,360,WhatsApp Image 2021-11-23 at 6.46.21 PM (2).jpeg,588,1280
ClassB-DTSWAHAC,5,260,570,375,WhatsApp Image 2021-11-23 at 6.46.21 PM.jpeg,588,1280
ClassB-DTSWAHAC,43,321,470,335,WhatsApp Image 2021-11-23 at 6.46.22 PM (1).jpeg,588,1280
ClassB-DTSWAHAC,32,337,525,384,WhatsApp Image 2021-11-23 at 6.46.22 PM (2).jpeg,588,1280
ClassB-DTSWAHAC,9,267,577,409,WhatsApp Image 2021-11-23 at 6.46.22 PM.jpeg,588,1280
ClassB-DTSWAHAC,54,215,513,360,WhatsApp Image 2021-11-23 at 6.46.23 PM.jpeg,588,1280
ClassC-MS,61,287,391,486,WhatsApp Image 2021-11-23 at 7.56.02 PM.jpeg,588,1280
ClassC-MS,36,256,475,651,WhatsApp Image 2021-11-23 at 7.56.40 PM (1).jpeg,588,1280
ClassC-MS,75,317,439,572,WhatsApp Image 2021-11-23 at 7.56.40 PM (2).jpeg,588,1280
ClassC-MS,95,299,384,525,WhatsApp Image 2021-11-23 at 7.56.40 PM.jpeg,588,1280
ClassC-MS,14,271,486,656,WhatsApp Image 2021-11-23 at 7.56.41 PM (1).jpeg,588,1280
ClassC-MS,97,294,412,574,WhatsApp Image 2021-11-23 at 7.56.41 PM.jpeg,588,1280
ClassC-MS,79,262,414,574,WhatsApp Image 2021-11-23 at 7.56.42 PM (1).jpeg,588,1280
ClassC-MS,57,276,466,565,WhatsApp Image 2021-11-23 at 7.56.42 PM.jpeg,588,1280
ClassC-MS,77,213,482,622,WhatsApp Image 2021-11-23 at 7.56.43 PM (1).jpeg,588,1280
ClassC-MS,2,271,527,552,WhatsApp Image 2021-11-23 at 7.56.43 PM (2).jpeg,588,1280
ClassC-MS,50,242,459,604,WhatsApp Image 2021-11-23 at 7.56.43 PM.jpeg,588,1280
ClassC-MS,54,357,450,466,WhatsApp Image 2021-11-23 at 7.56.44 PM (1).jpeg,588,1280
ClassC-MS,52,366,455,545,WhatsApp Image 2021-11-23 at 7.56.44 PM (2).jpeg,588,1280
ClassC-MS,52,337,486,482,WhatsApp Image 2021-11-23 at 7.56.44 PM.jpeg,588,1280
ClassC-MS,75,267,430,563,WhatsApp Image 2021-11-23 at 7.56.45 PM (1).jpeg,588,1280
ClassC-MS,109,305,366,459,WhatsApp Image 2021-11-23 at 7.56.45 PM (2).jpeg,588,1280
ClassC-MS,61,303,430,543,WhatsApp Image 2021-11-23 at 7.56.45 PM.jpeg,588,1280
ClassC-MS,66,244,446,602,WhatsApp Image 2021-11-23 at 7.56.46 PM (1).jpeg,588,1280
ClassC-MS,50,267,407,516,WhatsApp Image 2021-11-23 at 7.56.46 PM.jpeg,588,1280
ClassC-MS,113,249,369,464,WhatsApp Image 2021-11-23 at 7.56.47 PM (1).jpeg,588,1280
ClassC-MS,50,174,425,545,WhatsApp Image 2021-11-23 at 7.56.47 PM (2).jpeg,588,1280
ClassC-MS,95,231,398,516,WhatsApp Image 2021-11-23 at 7.56.47 PM (3).jpeg,588,1280
ClassC-MS,81,262,382,534,WhatsApp Image 2021-11-23 at 7.56.47 PM.jpeg,588,1280
ClassC-MS,32,174,534,645,WhatsApp Image 2021-11-23 at 7.56.48 PM (1).jpeg,588,1280
ClassC-MS,14,219,516,638,WhatsApp Image 2021-11-23 at 7.56.48 PM (2).jpeg,588,1280
ClassC-MS,59,156,457,590,WhatsApp Image 2021-11-23 at 7.56.48 PM.jpeg,588,1280
ClassC-MS,95,176,414,561,WhatsApp Image 2021-11-23 at 7.56.49 PM (1).jpeg,588,1280
ClassC-MS,84,156,391,509,WhatsApp Image 2021-11-23 at 7.56.49 PM (2).jpeg,588,1280
ClassC-MS,115,213,405,534,WhatsApp Image 2021-11-23 at 7.56.49 PM.jpeg,588,1280
ClassC-MS,90,231,366,452,WhatsApp Image 2021-11-23 at 7.56.50 PM.jpeg,588,1280
ClassC-WE,61,278,477,583,WhatsApp Image 2021-11-23 at 7.58.45 PM (1).jpeg,588,1280
ClassC-WE,100,278,396,507,WhatsApp Image 2021-11-23 at 7.58.45 PM.jpeg,588,1280
ClassC-WE,81,192,393,518,WhatsApp Image 2021-11-23 at 7.58.46 PM.jpeg,588,1280
ClassC-WE,104,249,389,498,WhatsApp Image 2021-11-23 at 7.58.47 PM (1).jpeg,588,1280
ClassC-WE,32,330,518,421,WhatsApp Image 2021-11-23 at 7.58.47 PM (2).jpeg,588,1280
ClassC-WE,32,323,513,423,WhatsApp Image 2021-11-23 at 7.58.47 PM (3).jpeg,588,1280
ClassC-WE,97,249,427,543,WhatsApp Image 2021-11-23 at 7.58.47 PM.jpeg,588,1280
ClassC-WE,61,323,498,427,WhatsApp Image 2021-11-23 at 7.58.48 PM (1).jpeg,588,1280
ClassC-WE,32,339,516,382,WhatsApp Image 2021-11-23 at 7.58.48 PM (2).jpeg,588,1280
ClassC-WE,52,362,504,414,WhatsApp Image 2021-11-23 at 7.58.48 PM.jpeg,588,1280
ClassC-WE,50,215,518,355,WhatsApp Image 2021-11-23 at 7.58.49 PM (1).jpeg,588,1280
ClassC-WE,84,294,418,540,WhatsApp Image 2021-11-23 at 7.58.49 PM (2).jpeg,588,1280
ClassC-WE,41,314,466,344,WhatsApp Image 2021-11-23 at 7.58.49 PM.jpeg,588,1280
ClassC-WE,122,326,364,477,WhatsApp Image 2021-11-23 at 7.58.50 PM (1).jpeg,588,1280
ClassC-WE,72,231,421,561,WhatsApp Image 2021-11-23 at 7.58.50 PM (2).jpeg,588,1280
ClassC-WE,41,228,511,685,WhatsApp Image 2021-11-23 at 7.58.50 PM.jpeg,588,1280
ClassC-WE,414,57,657,483,WhatsApp Image 2021-11-23 at 7.58.51 PM.jpeg,1280,588
ClassC-WE,521,63,549,433,WhatsApp Image 2021-11-23 at 8.04.37 PM.jpeg,1280,588
ClassC-WE,468,45,590,468,WhatsApp Image 2021-11-23 at 8.04.39 PM.jpeg,1280,588
ClassC-WE,405,36,563,433,WhatsApp Image 2021-11-23 at 8.04.40 PM (1).jpeg,1280,588
ClassC-WE,308,69,549,429,WhatsApp Image 2021-11-23 at 8.04.41 PM (1).jpeg,1280,588
ClassC-WE,317,51,642,453,WhatsApp Image 2021-11-23 at 8.04.41 PM.jpeg,1280,588
ClassC-WE,423,37,628,521,WhatsApp Image 2021-11-23 at 8.04.42 PM (1).jpeg,1280,588
ClassC-WE,408,62,613,494,WhatsApp Image 2021-11-23 at 8.04.42 PM (2).jpeg,1280,588
ClassC-WE,382,42,596,475,WhatsApp Image 2021-11-23 at 8.04.42 PM.jpeg,1280,588
ClassC-WE,480,52,599,451,WhatsApp Image 2021-11-23 at 8.04.43 PM (1).jpeg,1280,588
ClassC-WE,193,83,599,409,WhatsApp Image 2021-11-23 at 8.04.43 PM (2).jpeg,1280,588
ClassC-WE,405,6,622,512,WhatsApp Image 2021-11-23 at 8.04.43 PM.jpeg,1280,588
ClassC-WE,47,285,479,654,WhatsApp Image 2021-11-23 at 8.04.44 PM (1).jpeg,588,1280
ClassC-WE,86,303,393,466,WhatsApp Image 2021-11-23 at 8.04.44 PM.jpeg,588,1280
ClassC-WE,59,314,432,552,WhatsApp Image 2021-11-23 at 8.04.45 PM.jpeg,588,1280
ClassB_SE,111,366,394,321,WhatsApp Image 2021-11-25 at 1.41.48 PM.jpeg,588,1280
ClassB_SE,43,405,495,348,WhatsApp Image 2021-11-25 at 1.41.56 PM (1).jpeg,588,1280
ClassB_SE,444,93,477,382,WhatsApp Image 2021-11-25 at 1.41.56 PM (2).jpeg,1280,588
ClassB_SE,81,416,448,364,WhatsApp Image 2021-11-25 at 1.41.56 PM.jpeg,588,1280
ClassB_SE,394,86,545,433,WhatsApp Image 2021-11-25 at 1.41.57 PM (1).jpeg,1280,588
ClassB_SE,41,355,500,400,WhatsApp Image 2021-11-25 at 1.41.57 PM.jpeg,588,1280
ClassB_SE,325,92,530,427,WhatsApp Image 2021-11-25 at 1.41.58 PM.jpeg,1280,588
ClassB_SE,47,353,482,364,WhatsApp Image 2021-11-25 at 1.41.59 PM (1).jpeg,588,1280
ClassB_SE,61,330,477,387,WhatsApp Image 2021-11-25 at 1.41.59 PM.jpeg,588,1280
ClassB-FE,9,319,529,416,WhatsApp Image 2021-11-25 at 1.42.00 PM.jpeg,588,1280
ClassB-FE,27,360,516,384,WhatsApp Image 2021-11-25 at 1.42.01 PM (1).jpeg,588,1280
ClassB-FE,557,21,409,539,WhatsApp Image 2021-11-25 at 1.42.01 PM (2).jpeg,1280,588
ClassB-FE,41,312,484,391,WhatsApp Image 2021-11-25 at 1.42.01 PM.jpeg,588,1280
ClassB-FE,598,12,389,518,WhatsApp Image 2021-11-25 at 1.42.02 PM.jpeg,1280,588
ClassB-FE,7,326,552,446,WhatsApp Image 2021-11-25 at 1.42.03 PM (1).jpeg,588,1280
ClassB-FE,9,351,536,387,WhatsApp Image 2021-11-25 at 1.42.03 PM (2).jpeg,588,1280
ClassB-FE,581,31,423,509,WhatsApp Image 2021-11-25 at 1.42.03 PM.jpeg,1280,588
ClassB-FE,41,312,511,403,WhatsApp Image 2021-11-25 at 1.42.04 PM (1).jpeg,588,1280
ClassB-FE,34,348,529,432,WhatsApp Image 2021-11-25 at 1.42.04 PM.jpeg,588,1280
ClassB-FE,70,317,466,369,WhatsApp Image 2021-11-25 at 1.42.05 PM (1).jpeg,588,1280
ClassB-FE,16,351,547,384,WhatsApp Image 2021-11-25 at 1.42.05 PM.jpeg,588,1280
ClassB-FE,23,292,527,405,WhatsApp Image 2021-11-25 at 1.42.06 PM (1).jpeg,588,1280
ClassB-FE,16,278,538,427,WhatsApp Image 2021-11-25 at 1.42.06 PM (2).jpeg,588,1280
ClassB-FE,5,312,534,427,WhatsApp Image 2021-11-25 at 1.42.06 PM.jpeg,588,1280
ClassB-FE,36,308,538,398,WhatsApp Image 2021-11-25 at 1.42.07 PM (1).jpeg,588,1280
ClassB-FE,18,357,531,382,WhatsApp Image 2021-11-25 at 1.42.07 PM.jpeg,588,1280
ClassB-FE,462,93,531,421,WhatsApp Image 2021-11-25 at 1.42.08 PM (1).jpeg,1280,588
ClassB-FE,475,74,519,405,WhatsApp Image 2021-11-25 at 1.42.08 PM.jpeg,1280,588
ClassB-FE,5,314,559,412,WhatsApp Image 2021-11-25 at 1.42.09 PM (1).jpeg,588,1280
ClassB-FE,414,80,551,415,WhatsApp Image 2021-11-25 at 1.42.09 PM.jpeg,1280,588
ClassB-FE,59,314,414,522,WhatsApp Image 2021-11-25 at 1.42.52 PM.jpeg,588,1280
ClassB-FE,61,303,470,586,WhatsApp Image 2021-11-25 at 1.42.55 PM.jpeg,588,1280
ClassB-FE,41,240,509,658,WhatsApp Image 2021-11-25 at 1.42.56 PM (1).jpeg,588,1280
ClassB-FE,389,19,592,503,WhatsApp Image 2021-11-25 at 1.42.56 PM.jpeg,1280,588
ClassB-FE,288,57,634,494,WhatsApp Image 2021-11-25 at 1.42.57 PM (1).jpeg,1280,588
ClassB-FE,41,231,479,606,WhatsApp Image 2021-11-25 at 1.42.57 PM.jpeg,588,1280
ClassB-FE,86,391,452,554,WhatsApp Image 2021-11-25 at 1.42.58 PM (1).jpeg,588,1280
ClassB-FE,77,265,470,604,WhatsApp Image 2021-11-25 at 1.42.58 PM (2).jpeg,588,1280
ClassB-FE,27,260,493,647,WhatsApp Image 2021-11-25 at 1.42.58 PM (3).jpeg,588,1280
ClassB-FE,210,46,709,509,WhatsApp Image 2021-11-25 at 1.42.58 PM.jpeg,1280,588
ClassB-FE,84,364,457,613,WhatsApp Image 2021-11-25 at 1.42.59 PM (1).jpeg,588,1280
ClassB-FE,57,321,507,715,WhatsApp Image 2021-11-25 at 1.42.59 PM.jpeg,588,1280
ClassB-FE,477,78,513,395,WhatsApp Image 2021-11-25 at 1.43.00 PM (1).jpeg,1280,588
ClassB-FE,411,80,555,412,WhatsApp Image 2021-11-25 at 1.43.00 PM (2).jpeg,1280,588
ClassB-FE,460,98,528,417,WhatsApp Image 2021-11-25 at 1.43.00 PM.jpeg,1280,588
ClassB-FE,23,285,525,416,WhatsApp Image 2021-11-25 at 1.43.01 PM (1).jpeg,588,1280
ClassB-FE,23,292,525,400,WhatsApp Image 2021-11-25 at 1.43.01 PM (2).jpeg,588,1280
ClassB-FE,296,60,575,465,WhatsApp Image 2021-11-25 at 1.43.01 PM.jpeg,1280,588
ClassB-FE,441,92,480,385,WhatsApp Image 2021-11-25 at 1.43.02 PM (1).jpeg,1280,588
ClassB-FE,322,87,536,430,WhatsApp Image 2021-11-25 at 1.43.02 PM.jpeg,1280,588
ClassB-FE,392,89,545,427,WhatsApp Image 2021-11-25 at 1.43.03 PM.jpeg,1280,588